,ranking,name,position,age,nation,club,value,matches,goals,assist,yellowcard,redcard,subsin,subsout
0,1,Kylian Mbappé,Centre-Forward,23,France,Paris Saint-Germain,€160.00m,37,26,17,9,0,2,12
1,2,Erling Haaland,Centre-Forward,21,Norway,Borussia Dortmund,€150.00m,24,24,6,3,0,4,6
2,3,Vinicius Junior,Left Winger,21,Brazil,Real Madrid,€100.00m,39,17,14,7,0,2,21
3,4,Mohamed Salah,Right Winger,29,Egypt,Liverpool FC,€100.00m,43,30,11,1,0,2,10
4,5,Harry Kane,Centre-Forward,28,England,Tottenham Hotspur,€100.00m,42,23,6,3,0,3,4
5,6,Romelu Lukaku,Centre-Forward,28,Belgium,Chelsea FC,€100.00m,34,12,2,0,0,10,7
6,7,Bruno Fernandes,Attacking Midfield,27,Portugal,Manchester United,€90.00m,40,10,14,7,0,5,13
7,8,Kevin De Bruyne,Attacking Midfield,30,Belgium,Manchester City,€90.00m,33,11,8,2,0,6,12
8,9,Neymar,Left Winger,30,Brazil,Paris Saint-Germain,€90.00m,21,5,5,5,0,1,8
9,10,Phil Foden,Central Midfield,21,England,Manchester City,€85.00m,34,11,8,1,0,7,13
10,11,Jadon Sancho,Left Winger,22,England,Manchester United,€85.00m,33,5,3,0,0,10,14
11,12,Dusan Vlahovic,Centre-Forward,22,Serbia,Juventus FC,€85.00m,37,27,8,4,0,3,9
12,13,Marcus Rashford,Left Winger,24,England,Manchester United,€85.00m,26,5,2,3,0,11,13
13,14,Joshua Kimmich,Defensive Midfield,27,Germany,Bayern Munich,€85.00m,30,3,9,3,0,0,4
14,15,Raheem Sterling,Left Winger,27,England,Manchester City,€85.00m,36,14,5,1,0,12,6
15,16,Pedri,Central Midfield,19,Spain,FC Barcelona,€80.00m,20,3,1,1,0,3,9
16,17,Trent Alexander-Arnold,Right-Back,23,England,Liverpool FC,€80.00m,35,2,17,2,0,0,5
17,18,Jack Grealish,Left Winger,26,England,Manchester City,€80.00m,30,4,3,2,0,5,12
18,19,Sadio Mané,Left Winger,29,Senegal,Liverpool FC,€80.00m,43,17,4,6,0,3,12
19,20,Heung-min Son,Left Winger,29,"Korea, South",Tottenham Hotspur,€80.00m,36,14,7,2,0,6,13
20,21,Jude Bellingham,Central Midfield,18,England,Borussia Dortmund,€75.00m,38,6,13,9,0,1,9
21,22,Declan Rice,Defensive Midfield,23,England,West Ham United,€75.00m,39,4,4,9,0,2,2
22,23,Mason Mount,Attacking Midfield,23,England,Chelsea FC,€75.00m,42,8,12,2,0,12,12
23,24,Rúben Dias,Centre-Back,24,Portugal,Manchester City,€75.00m,35,2,4,6,0,3,3
24,25,Bernardo Silva,Attacking Midfield,27,Portugal,Manchester City,€75.00m,40,10,4,5,0,3,10
25,26,Marquinhos,Centre-Back,27,Brazil,Paris Saint-Germain,€75.00m,32,3,1,3,0,0,0
26,27,Florian Wirtz,Attacking Midfield,18,Germany,Bayer 04 Leverkusen,€70.00m,31,10,14,3,0,4,19
27,28,João Félix,Second Striker,22,Portugal,Atlético de Madrid,€70.00m,31,8,6,3,0,13,13
28,29,Alphonso Davies,Left-Back,21,Canada,Bayern Munich,€70.00m,23,0,6,2,0,1,9
29,30,Lautaro Martínez,Centre-Forward,24,Argentina,Inter Milan,€70.00m,39,16,2,6,0,7,29
30,31,Achraf Hakimi,Right-Back,23,Morocco,Paris Saint-Germain,€70.00m,37,5,5,7,1,3,4
31,32,Rodri,Defensive Midfield,25,Spain,Manchester City,€70.00m,34,3,1,7,0,1,6
32,33,Mikel Oyarzabal,Left Winger,24,Spain,Real Sociedad,€70.00m,34,15,4,1,1,6,10
33,34,Federico Chiesa,Right Winger,24,Italy,Juventus FC,€70.00m,18,4,4,0,0,3,10
34,35,Frenkie de Jong,Central Midfield,24,Netherlands,FC Barcelona,€70.00m,37,4,5,7,0,4,13
35,36,Matthijs de Ligt,Centre-Back,22,Netherlands,Juventus FC,€70.00m,35,2,0,3,0,1,1
36,37,Kai Havertz,Attacking Midfield,22,Germany,Chelsea FC,€70.00m,36,12,5,5,0,9,11
37,38,Sergej Milinković-Savić,Central Midfield,27,Serbia,SS Lazio,€70.00m,41,9,10,5,0,6,9
38,39,Nicolò Barella,Central Midfield,25,Italy,Inter Milan,€70.00m,38,2,10,7,1,1,20
39,40,Leroy Sané,Left Winger,26,Germany,Bayern Munich,€70.00m,38,14,15,3,0,8,18
40,41,Serge Gnabry,Right Winger,26,Germany,Bayern Munich,€70.00m,36,13,9,0,0,11,16
41,42,Leon Goretzka,Central Midfield,27,Germany,Bayern Munich,€70.00m,18,2,2,0,0,0,9
42,43,Bukayo Saka,Right Midfield,20,England,Arsenal FC,€65.00m,33,10,5,4,0,3,16
43,44,Federico Valverde,Central Midfield,23,Uruguay,Real Madrid,€65.00m,33,1,1,2,0,14,8
44,45,Christopher Nkunku,Attacking Midfield,24,France,RB Leipzig,€65.00m,40,26,15,2,0,3,15
45,46,Gianluigi Donnarumma,Goalkeeper,23,Italy,Paris Saint-Germain,€65.00m,20,0,0,3,0,0,0
46,47,Andrew Robertson,Left-Back,28,Scotland,Liverpool FC,€65.00m,34,1,13,5,1,3,3
47,48,Milan Skriniar,Centre-Back,27,Slovakia,Inter Milan,€65.00m,38,4,0,4,0,0,0
48,49,Raphaël Varane,Centre-Back,28,France,Manchester United,€65.00m,25,0,1,1,0,3,3
49,50,Thibaut Courtois,Goalkeeper,29,Belgium,Real Madrid,€65.00m,40,0,0,1,0,0,0
50,51,Gavi,Central Midfield,17,Spain,FC Barcelona,€60.00m,40,2,5,10,1,10,22
51,52,Ansu Fati,Left Winger,19,Spain,FC Barcelona,€60.00m,10,5,1,0,0,6,5
52,53,Jules Koundé,Centre-Back,23,France,Sevilla FC,€60.00m,36,1,1,3,2,3,1
53,54,Victor Osimhen,Centre-Forward,23,Nigeria,SSC Napoli,€60.00m,25,15,4,5,1,5,12
54,55,Éder Militão,Centre-Back,24,Brazil,Real Madrid,€60.00m,39,2,2,6,1,0,1
55,56,Gabriel Jesus,Centre-Forward,24,Brazil,Manchester City,€60.00m,29,6,10,2,0,10,7
56,57,Diogo Jota,Centre-Forward,25,Portugal,Liverpool FC,€60.00m,41,20,4,6,0,10,20
57,58,Alessandro Bastoni,Centre-Back,22,Italy,Inter Milan,€60.00m,37,1,3,6,0,1,15
58,59,Marcos Llorente,Central Midfield,27,Spain,Atlético de Madrid,€60.00m,30,0,3,4,0,1,8
59,60,Wilfred Ndidi,Defensive Midfield,25,Nigeria,Leicester City,€60.00m,35,2,1,6,0,2,4
60,61,Kingsley Coman,Right Winger,25,France,Bayern Munich,€60.00m,27,7,6,2,0,6,17
61,62,Fabinho,Defensive Midfield,28,Brazil,Liverpool FC,€60.00m,35,6,1,5,0,4,6
62,63,João Cancelo,Right-Back,27,Portugal,Manchester City,€60.00m,39,3,8,7,0,1,3
63,64,Jan Oblak,Goalkeeper,29,Slovenia,Atlético de Madrid,€60.00m,41,0,0,2,0,0,0
64,65,Alisson,Goalkeeper,29,Brazil,Liverpool FC,€60.00m,38,0,1,0,0,0,0
65,66,Lionel Messi,Right Winger,34,Argentina,Paris Saint-Germain,€60.00m,26,7,11,1,0,2,2
66,67,Eduardo Camavinga,Central Midfield,19,France,Real Madrid,€55.00m,39,4,1,9,0,23,9
67,68,Jamal Musiala,Attacking Midfield,19,Germany,Bayern Munich,€55.00m,33,6,6,2,0,17,10
68,69,Reece James,Right-Back,22,England,Chelsea FC,€55.00m,26,6,7,5,1,6,3
69,70,Moussa Diaby,Left Winger,22,France,Bayer 04 Leverkusen,€55.00m,35,16,9,9,0,1,14
70,71,Richarlison,Centre-Forward,24,Brazil,Everton FC,€55.00m,23,5,3,6,0,3,6
71,72,Fabián Ruiz,Central Midfield,25,Spain,SSC Napoli,€55.00m,31,6,4,5,0,4,13
72,73,Youri Tielemans,Central Midfield,24,Belgium,Leicester City,€55.00m,37,7,3,2,0,3,9
73,74,Virgil van Dijk,Centre-Back,30,Netherlands,Liverpool FC,€55.00m,39,3,1,2,0,0,0
74,75,Paul Pogba,Central Midfield,29,France,Manchester United,€55.00m,24,1,9,7,1,5,9
75,76,Marco Verratti,Central Midfield,29,Italy,Paris Saint-Germain,€55.00m,26,2,1,12,0,1,10
76,77,David Alaba,Centre-Back,29,Austria,Real Madrid,€55.00m,39,2,4,4,0,0,3
77,78,Jonathan David,Centre-Forward,22,Canada,LOSC Lille,€50.00m,39,17,0,2,0,4,20
78,79,Mason Greenwood,Right Winger,20,England,Manchester United,€50.00m,24,6,2,2,0,4,14
79,80,Amine Gouiri,Centre-Forward,22,France,OGC Nice,€50.00m,38,14,10,4,0,4,16
80,81,Pau Torres,Centre-Back,25,Spain,Villarreal CF,€50.00m,38,5,0,4,0,0,1
81,82,Carlos Soler,Central Midfield,25,Spain,Valencia CF,€50.00m,30,11,5,4,0,6,8
82,83,Rafael Leão,Left Winger,22,Portugal,AC Milan,€50.00m,35,11,8,4,0,6,20
83,84,Arnaut Danjuma,Left Winger,25,Netherlands,Villarreal CF,€50.00m,28,13,4,2,0,6,12
84,85,Mikel Merino,Central Midfield,25,Spain,Real Sociedad,€50.00m,35,4,3,8,0,0,9
85,86,James Maddison,Attacking Midfield,25,England,Leicester City,€50.00m,40,13,7,6,0,12,15
86,87,Ferland Mendy,Left-Back,26,France,Real Madrid,€50.00m,26,1,2,7,0,2,7
87,88,Lucas Hernández,Centre-Back,26,France,Bayern Munich,€50.00m,29,0,1,8,0,1,13
88,89,José María Giménez,Centre-Back,27,Uruguay,Atlético de Madrid,€50.00m,28,0,1,8,1,1,5
89,90,Ederson,Goalkeeper,28,Brazil,Manchester City,€50.00m,36,0,0,3,0,0,1
90,91,N'Golo Kanté,Defensive Midfield,31,France,Chelsea FC,€50.00m,31,2,4,2,0,9,11
91,92,Piotr Zielinski,Attacking Midfield,27,Poland,SSC Napoli,€50.00m,36,7,5,2,0,5,23
92,93,Timo Werner,Centre-Forward,26,Germany,Chelsea FC,€50.00m,29,8,4,1,0,13,8
93,94,Antoine Griezmann,Second Striker,31,France,Atlético de Madrid,€50.00m,29,8,5,2,1,7,14
94,95,Robert Lewandowski,Centre-Forward,33,Poland,Bayern Munich,€50.00m,37,45,4,2,0,0,6
95,96,Casemiro,Defensive Midfield,30,Brazil,Real Madrid,€50.00m,38,0,4,14,0,2,8
96,97,Theo Hernández,Left-Back,24,France,AC Milan,€48.00m,33,4,10,7,1,2,2
97,98,Harry Maguire,Centre-Back,29,England,Manchester United,€48.00m,31,2,0,7,0,1,2
98,99,Ferran Torres,Right Winger,22,Spain,FC Barcelona,€45.00m,22,10,6,1,0,1,10
99,100,Dayot Upamecano,Centre-Back,23,France,Bayern Munich,€45.00m,30,1,4,6,0,4,3
100,101,Tammy Abraham,Centre-Forward,24,England,AS Roma,€45.00m,40,23,4,9,0,3,16
101,102,Diego Carlos,Centre-Back,29,Brazil,Sevilla FC,€45.00m,37,3,0,5,0,1,4
102,103,Caglar Söyüncü,Centre-Back,25,Turkey,Leicester City,€45.00m,38,1,0,6,0,1,2
103,104,Christian Pulisic,Right Winger,23,United States,Chelsea FC,€45.00m,28,6,4,2,0,12,8
104,105,Dominic Calvert-Lewin,Centre-Forward,25,England,Everton FC,€45.00m,11,3,1,2,0,2,4
105,106,Fikayo Tomori,Centre-Back,24,England,AC Milan,€45.00m,31,1,0,4,0,2,2
106,107,Franck Kessié,Central Midfield,25,Cote d'Ivoire,AC Milan,€45.00m,35,7,1,1,0,6,9
107,108,Dani Olmo,Attacking Midfield,23,Spain,RB Leipzig,€45.00m,20,4,5,1,0,10,10
108,109,Lorenzo Pellegrini,Attacking Midfield,25,Italy,AS Roma,€45.00m,30,11,5,3,0,4,11
109,110,Tomas Soucek,Defensive Midfield,27,Czech Republic,West Ham United,€45.00m,43,6,1,3,0,3,4
110,111,Ángel Correa,Second Striker,27,Argentina,Atlético de Madrid,€45.00m,40,12,6,4,1,17,16
111,112,Aymeric Laporte,Centre-Back,27,Spain,Manchester City,€45.00m,31,3,0,6,1,1,6
112,113,Memphis Depay,Centre-Forward,28,Netherlands,FC Barcelona,€45.00m,30,11,2,4,0,7,4
113,114,Jorginho,Defensive Midfield,30,Italy,Chelsea FC,€45.00m,39,9,3,5,0,6,13
114,115,Kalidou Koulibaly,Centre-Back,30,Senegal,SSC Napoli,€45.00m,32,2,3,7,1,0,1
115,116,Marc-André ter Stegen,Goalkeeper,29,Germany,FC Barcelona,€45.00m,39,0,0,3,0,0,1
116,117,Mateo Kovacic,Central Midfield,27,Croatia,Chelsea FC,€45.00m,36,2,5,6,0,8,14
117,118,Giovanni Reyna,Attacking Midfield,19,United States,Borussia Dortmund,€42.00m,11,2,2,0,0,4,6
118,119,Martin Ødegaard,Attacking Midfield,23,Norway,Arsenal FC,€42.00m,31,6,4,3,0,4,13
119,120,Luke Shaw,Left-Back,26,England,Manchester United,€42.00m,27,1,5,10,0,1,6
120,121,Nuno Mendes,Left-Back,19,Portugal,Paris Saint-Germain,€40.00m,35,0,3,4,0,9,11
121,122,Yéremy Pino,Right Winger,19,Spain,Villarreal CF,€40.00m,39,10,7,6,0,12,24
122,123,Edmond Tapsoba,Centre-Back,23,Burkina Faso,Bayer 04 Leverkusen,€40.00m,30,1,0,4,0,4,1
123,124,Darwin Núñez,Centre-Forward,22,Uruguay,SL Benfica,€40.00m,33,26,2,7,0,8,19
124,125,Luis Díaz,Left Winger,25,Colombia,Liverpool FC,€40.00m,40,18,6,3,0,7,23
125,126,Ronald Araújo,Centre-Back,23,Uruguay,FC Barcelona,€40.00m,33,4,0,5,0,7,4
126,127,Wesley Fofana,Centre-Back,21,France,Leicester City,€40.00m,1,1,0,0,0,0,1
127,128,Aurélien Tchouameni,Defensive Midfield,22,France,AS Monaco,€40.00m,43,4,2,9,0,2,6
128,129,Rodrygo,Right Winger,21,Brazil,Real Madrid,€40.00m,36,2,7,5,0,19,16
129,130,Raphinha,Right Winger,25,Brazil,Leeds United,€40.00m,28,9,3,6,0,2,5
130,131,Sandro Tonali,Defensive Midfield,21,Italy,AC Milan,€40.00m,41,2,8,9,0,8,15
131,132,Kalvin Phillips,Defensive Midfield,26,England,Leeds United,€40.00m,15,1,1,2,0,0,2
132,133,Alexander Isak,Centre-Forward,22,Sweden,Real Sociedad,€40.00m,34,8,4,3,0,7,24
133,134,Ben White,Centre-Back,24,England,Arsenal FC,€40.00m,32,0,0,1,0,0,2
134,135,Marco Asensio,Right Winger,26,Spain,Real Madrid,€40.00m,34,10,1,2,0,15,15
135,136,Presnel Kimpembe,Centre-Back,26,France,Paris Saint-Germain,€40.00m,34,2,1,8,0,1,5
136,137,Rodrigo de Paul,Central Midfield,27,Argentina,Atlético de Madrid,€40.00m,37,2,2,7,0,11,14
137,138,Patrik Schick,Centre-Forward,26,Czech Republic,Bayer 04 Leverkusen,€40.00m,24,20,3,0,0,3,17
138,139,Thomas Partey,Defensive Midfield,28,Ghana,Arsenal FC,€40.00m,29,2,3,6,0,2,7
139,140,Rúben Neves,Defensive Midfield,25,Portugal,Wolverhampton Wanderers,€40.00m,32,4,2,11,0,2,4
140,141,Gonçalo Guedes,Left Winger,25,Portugal,Valencia CF,€40.00m,35,13,6,2,0,4,18
141,142,José Gayà,Left-Back,26,Spain,Valencia CF,€40.00m,23,2,4,6,0,1,7
142,143,Paulo Dybala,Second Striker,28,Argentina,Juventus FC,€40.00m,29,13,6,3,0,6,13
143,144,Thomas Lemar,Attacking Midfield,26,France,Atlético de Madrid,€40.00m,29,4,6,2,0,8,16
144,145,Gerard Moreno,Centre-Forward,29,Spain,Villarreal CF,€40.00m,21,12,4,3,0,5,5
145,146,Riyad Mahrez,Right Winger,31,Algeria,Manchester City,€40.00m,39,22,7,0,0,12,7
146,147,Pierre-Emile Höjbjerg,Central Midfield,26,Denmark,Tottenham Hotspur,€40.00m,40,3,4,2,0,5,4
147,148,Marcelo Brozovic,Defensive Midfield,29,Croatia,Inter Milan,€40.00m,37,1,2,6,0,0,14
148,149,Wilfried Zaha,Left Winger,29,Cote d'Ivoire,Crystal Palace,€40.00m,32,10,3,4,0,4,3
149,150,Yannick Carrasco,Left Winger,28,Belgium,Atlético de Madrid,€40.00m,34,3,6,5,1,4,14
150,151,Aaron Wan-Bissaka,Right-Back,24,England,Manchester United,€38.00m,24,0,0,2,1,1,1
151,152,Emile Smith Rowe,Attacking Midfield,21,England,Arsenal FC,€38.00m,30,11,2,0,0,9,11
152,153,Ben Chilwell,Left-Back,25,England,Chelsea FC,€38.00m,12,3,1,0,0,3,2
153,154,André Silva,Centre-Forward,26,Portugal,RB Leipzig,€38.00m,41,17,8,2,0,10,19
154,155,Roberto Firmino,Centre-Forward,30,Brazil,Liverpool FC,€38.00m,26,9,4,3,0,12,8
155,156,Antony,Right Winger,22,Brazil,Ajax Amsterdam,€35.00m,34,12,11,4,0,2,17
156,157,Karim Adeyemi,Centre-Forward,20,Germany,Red Bull Salzburg,€35.00m,36,19,4,5,0,4,28
157,158,Pedro Neto,Left Winger,22,Portugal,Wolverhampton Wanderers,€35.00m,5,0,0,0,0,4,1
158,159,Ryan Gravenberch,Central Midfield,19,Netherlands,Ajax Amsterdam,€35.00m,38,2,6,5,0,5,12
159,160,Tanguy Ndombélé,Central Midfield,25,France,Olympique Lyon,€35.00m,23,2,2,3,0,7,10
160,161,Douglas Luiz,Defensive Midfield,23,Brazil,Aston Villa,€35.00m,26,1,3,6,0,1,8
161,162,Lucas Paquetá,Attacking Midfield,24,Brazil,Olympique Lyon,€35.00m,34,9,5,4,0,6,11
162,163,Youssef En-Nesyri,Centre-Forward,24,Morocco,Sevilla FC,€35.00m,25,4,3,1,0,10,12
163,164,Pedro Gonçalves,Right Winger,23,Portugal,Sporting CP,€35.00m,33,14,10,5,0,6,19
164,165,Cristian Romero,Centre-Back,23,Argentina,Tottenham Hotspur,€35.00m,24,1,0,10,0,1,3
165,166,Ollie Watkins,Centre-Forward,26,England,Aston Villa,€35.00m,28,7,1,6,0,3,3
166,167,Emiliano Buendía,Right Winger,25,Argentina,Aston Villa,€35.00m,28,2,4,1,0,7,16
167,168,Hirving Lozano,Right Winger,26,Mexico,SSC Napoli,€35.00m,31,5,4,1,1,10,19
168,169,Scott McTominay,Defensive Midfield,25,Scotland,Manchester United,€35.00m,32,2,1,9,0,2,10
169,170,Jarrod Bowen,Right Winger,25,England,West Ham United,€35.00m,39,12,11,4,0,5,13
170,171,Robin Gosens,Left Midfield,27,Germany,Inter Milan,€35.00m,12,2,2,3,0,5,4
171,172,Manuel Locatelli,Defensive Midfield,24,Italy,Juventus FC,€35.00m,39,3,5,6,0,9,12
172,173,Hakim Ziyech,Attacking Midfield,29,Morocco,Chelsea FC,€35.00m,32,8,5,4,0,8,16
173,174,Nabil Fekir,Attacking Midfield,28,France,Real Betis Balompié,€35.00m,38,10,8,10,2,1,18
174,175,Andreas Christensen,Centre-Back,25,Denmark,Chelsea FC,€35.00m,29,2,1,2,0,3,7
175,176,Domenico Berardi,Right Winger,27,Italy,US Sassuolo,€35.00m,29,14,14,8,0,0,15
176,177,Raphaël Guerreiro,Left-Back,28,Portugal,Borussia Dortmund,€35.00m,24,5,3,1,0,4,10
177,178,Niklas Süle,Centre-Back,26,Germany,Bayern Munich,€35.00m,33,1,2,3,0,7,7
178,179,Saúl Ñíguez,Central Midfield,27,Spain,Chelsea FC,€35.00m,23,1,1,3,0,10,5
179,180,Hakan Calhanoglu,Central Midfield,28,Turkey,Inter Milan,€35.00m,37,6,9,8,0,4,25
180,181,Stefan de Vrij,Centre-Back,30,Netherlands,Inter Milan,€35.00m,31,1,0,3,0,2,6
181,182,Antonio Rüdiger,Centre-Back,29,Germany,Chelsea FC,€35.00m,42,3,4,8,0,0,0
182,183,Koke,Central Midfield,30,Spain,Atlético de Madrid,€35.00m,33,1,2,6,0,2,11
183,184,Ilkay Gündogan,Central Midfield,31,Germany,Manchester City,€35.00m,34,7,7,2,0,8,8
184,185,Cristiano Ronaldo,Centre-Forward,37,Portugal,Manchester United,€35.00m,35,19,3,7,0,4,9
185,186,Nicolò Zaniolo,Right Winger,22,Italy,AS Roma,€33.00m,33,4,8,11,1,5,19
186,187,Lisandro Martínez,Centre-Back,24,Argentina,Ajax Amsterdam,€32.00m,36,1,4,5,0,1,10
187,188,Edouard Mendy,Goalkeeper,30,Senegal,Chelsea FC,€32.00m,40,0,0,3,0,0,2
188,189,Harvey Barnes,Left Midfield,24,England,Leicester City,€32.00m,34,8,9,2,0,4,15
189,190,Callum Hudson-Odoi,Right Winger,21,England,Chelsea FC,€32.00m,28,3,6,2,0,6,16
190,191,Leon Bailey,Left Winger,24,Jamaica,Aston Villa,€32.00m,14,1,2,2,0,10,4
191,192,Kieran Tierney,Left-Back,24,Scotland,Arsenal FC,€32.00m,26,2,3,0,0,1,4
192,193,Allan Saint-Maximin,Left Winger,25,France,Newcastle United,€32.00m,28,5,3,4,0,5,6
193,194,Tyrone Mings,Centre-Back,29,England,Aston Villa,€32.00m,28,1,3,9,0,1,0
194,195,Ivan Toney,Centre-Forward,26,England,Brentford FC,€32.00m,29,13,3,6,0,3,0
195,196,James Ward-Prowse,Central Midfield,27,England,Southampton FC,€32.00m,33,7,7,3,1,1,2
196,197,Kurt Zouma,Centre-Back,27,France,West Ham United,€32.00m,24,1,0,2,0,0,2
197,198,Luis Alberto,Central Midfield,29,Spain,SS Lazio,€32.00m,37,4,8,7,0,9,15
198,199,Emiliano Martínez,Goalkeeper,29,Argentina,Aston Villa,€32.00m,29,0,0,4,0,0,0
199,200,Matheus Nunes,Central Midfield,23,Portugal,Sporting CP,€30.00m,45,4,5,8,0,7,17
200,201,Bruno Guimarães,Defensive Midfield,24,Brazil,Newcastle United,€30.00m,34,1,6,3,0,9,10
201,202,Matheus Cunha,Centre-Forward,22,Brazil,Atlético de Madrid,€30.00m,28,8,4,4,0,20,8
202,203,Bremer,Centre-Back,25,Brazil,Torino FC,€30.00m,27,3,1,6,0,0,3
203,204,Josko Gvardiol,Centre-Back,20,Croatia,RB Leipzig,€30.00m,37,2,3,5,0,5,6
204,205,Curtis Jones,Central Midfield,21,England,Liverpool FC,€30.00m,24,1,4,1,0,9,9
205,206,Dejan Kulusevski,Right Winger,21,Sweden,Tottenham Hotspur,€30.00m,39,4,7,3,0,23,10
206,207,Jurrien Timber,Centre-Back,20,Netherlands,Ajax Amsterdam,€30.00m,36,3,1,3,0,3,8
207,208,Houssem Aouar,Central Midfield,23,France,Olympique Lyon,€30.00m,34,5,3,1,0,8,9
208,209,Sven Botman,Centre-Back,22,Netherlands,LOSC Lille,€30.00m,31,4,1,3,0,0,2
209,210,Ibrahima Konaté,Centre-Back,22,France,Liverpool FC,€30.00m,19,0,1,4,0,3,0
210,211,André Zambo Anguissa,Defensive Midfield,26,Cameroon,SSC Napoli,€30.00m,32,0,1,7,0,7,7
211,212,Benjamin Pavard,Right-Back,26,France,Bayern Munich,€30.00m,28,0,2,1,1,2,5
212,213,Ismaël Bennacer,Defensive Midfield,24,Algeria,AC Milan,€30.00m,36,2,1,6,0,16,12
213,214,Robin Le Normand,Centre-Back,25,France,Real Sociedad,€30.00m,40,1,2,3,0,0,3
214,215,Nicolas Pépé,Right Winger,26,Cote d'Ivoire,Arsenal FC,€30.00m,23,6,6,0,0,11,2
215,216,Davinson Sánchez,Centre-Back,25,Colombia,Tottenham Hotspur,€30.00m,27,2,0,5,0,5,0
216,217,Merih Demiral,Centre-Back,24,Turkey,Atalanta BC,€30.00m,33,2,2,10,0,2,8
217,218,Gianluca Scamacca,Centre-Forward,23,Italy,US Sassuolo,€30.00m,30,13,1,6,0,11,12
218,219,Naby Keïta,Central Midfield,27,Guinea,Liverpool FC,€30.00m,28,4,1,3,0,9,14
219,220,Ousmane Dembélé,Right Winger,24,France,FC Barcelona,€30.00m,21,2,9,1,0,11,6
220,221,Manuel Akanji,Centre-Back,26,Switzerland,Borussia Dortmund,€30.00m,30,0,0,2,0,2,3
221,222,Angeliño,Left Midfield,25,Spain,RB Leipzig,€30.00m,34,2,11,3,0,2,5
222,223,Joan Jordán,Central Midfield,27,Spain,Sevilla FC,€30.00m,41,1,1,6,0,10,21
223,224,Renato Sanches,Central Midfield,24,Portugal,LOSC Lille,€30.00m,25,1,5,4,0,4,12
224,225,Ruslan Malinovskyi,Attacking Midfield,28,Ukraine,Atalanta BC,€30.00m,34,10,4,7,0,9,21
225,226,John McGinn,Central Midfield,27,Scotland,Aston Villa,€30.00m,28,3,3,7,0,0,3
226,227,Lucas Ocampos,Left Winger,27,Argentina,Sevilla FC,€30.00m,34,8,4,11,0,6,11
227,228,Sébastien Haller,Centre-Forward,27,Cote d'Ivoire,Ajax Amsterdam,€30.00m,40,34,10,6,0,1,13
228,229,Leander Dendoncker,Defensive Midfield,26,Belgium,Wolverhampton Wanderers,€30.00m,29,2,4,4,0,9,4
229,230,Álvaro Morata,Centre-Forward,29,Spain,Juventus FC,€30.00m,41,11,7,4,0,11,22
230,231,Lucas Digne,Left-Back,28,France,Aston Villa,€30.00m,23,1,1,5,0,1,2
231,232,Ciro Immobile,Centre-Forward,32,Italy,SS Lazio,€30.00m,35,26,4,4,0,1,11
232,233,Duván Zapata,Centre-Forward,30,Colombia,Atalanta BC,€30.00m,23,12,7,4,0,4,10
233,234,Gabriel Martinelli,Left Winger,20,Brazil,Arsenal FC,€28.00m,27,6,4,2,0,7,9
234,235,Benoît Badiashile,Centre-Back,21,France,AS Monaco,€28.00m,32,0,1,6,0,4,5
235,236,Dominik Szoboszlai,Left Winger,21,Hungary,RB Leipzig,€28.00m,33,8,7,2,0,16,12
236,237,Giacomo Raspadori,Centre-Forward,22,Italy,US Sassuolo,€28.00m,31,9,5,6,0,5,14
237,238,Nico Schlotterbeck,Centre-Back,22,Germany,SC Freiburg,€28.00m,30,4,0,4,0,0,4
238,239,Evan Ndicka,Centre-Back,22,France,Eintracht Frankfurt,€28.00m,33,3,3,4,0,1,0
239,240,Moise Kean,Centre-Forward,22,Italy,Juventus FC,€28.00m,34,5,2,3,1,21,12
240,241,Boubakary Soumaré,Defensive Midfield,23,France,Leicester City,€28.00m,29,0,1,2,0,12,8
241,242,Sergio Reguilón,Left-Back,25,Spain,Tottenham Hotspur,€28.00m,29,2,3,4,0,4,11
242,243,Timothy Castagne,Right-Back,26,Belgium,Leicester City,€28.00m,22,1,0,1,0,4,1
243,244,Mario Pasalic,Central Midfield,27,Croatia,Atalanta BC,€28.00m,38,10,9,5,0,13,20
244,245,Adama Traoré,Right Winger,26,Spain,FC Barcelona,€28.00m,33,1,4,0,0,15,13
245,246,John Stones,Centre-Back,27,England,Manchester City,€28.00m,20,2,0,1,0,3,1
246,247,Anthony Martial,Centre-Forward,26,France,Sevilla FC,€28.00m,19,2,1,0,0,9,9
247,248,Nathan Aké,Centre-Back,27,Netherlands,Manchester City,€28.00m,20,3,0,1,0,5,4
248,249,Andrea Belotti,Centre-Forward,28,Italy,Torino FC,€28.00m,16,4,1,0,0,5,9
249,250,Wissam Ben Yedder,Centre-Forward,31,France,AS Monaco,€28.00m,44,24,6,1,0,12,21
250,251,Mauro Icardi,Centre-Forward,29,Argentina,Paris Saint-Germain,€28.00m,29,5,0,1,0,16,5
251,252,Charles De Ketelaere,Attacking Midfield,21,Belgium,Club Brugge KV,€27.00m,44,17,9,6,0,1,14
252,253,Ismaïla Sarr,Right Winger,24,Senegal,Watford FC,€27.00m,19,6,2,2,0,3,4
253,254,Denis Zakaria,Defensive Midfield,25,Switzerland,Juventus FC,€27.00m,24,3,1,5,0,3,3
254,255,Donyell Malen,Centre-Forward,23,Netherlands,Borussia Dortmund,€27.00m,38,8,6,1,0,11,22
255,256,Nikola Vlasic,Attacking Midfield,24,Croatia,West Ham United,€27.00m,34,1,3,0,0,16,16
256,257,Xaver Schlager,Central Midfield,24,Austria,VfL Wolfsburg,€27.00m,9,0,1,1,0,1,7
257,258,Matteo Politano,Right Winger,28,Italy,SSC Napoli,€27.00m,33,3,7,2,0,14,19
258,259,João Palhinha,Defensive Midfield,26,Portugal,Sporting CP,€26.00m,33,3,0,8,1,6,12
259,260,Gabriel Barbosa,Centre-Forward,25,Brazil,Clube de Regatas do Flamengo,€26.00m,11,9,1,4,0,1,2
260,261,Joaquín Correa,Second Striker,27,Argentina,Inter Milan,€26.00m,25,4,1,3,0,17,8
261,262,Konrad Laimer,Central Midfield,24,Austria,RB Leipzig,€26.00m,31,3,3,2,0,11,18
262,263,Pedro Porro,Right-Back,22,Spain,Sporting CP,€25.00m,28,4,7,10,0,7,13
263,264,Bryan Gil,Left Winger,21,Spain,Valencia CF,€25.00m,34,1,5,6,0,14,13
264,265,Roger Ibañez,Centre-Back,23,Brazil,AS Roma,€25.00m,38,4,0,10,0,4,1
265,266,Renan Lodi,Left-Back,23,Brazil,Atlético de Madrid,€25.00m,33,4,4,3,0,19,10
266,267,Emerson Royal,Right-Back,23,Brazil,Tottenham Hotspur,€25.00m,35,0,1,3,0,12,7
267,268,Nico González,Central Midfield,20,Spain,FC Barcelona,€25.00m,38,2,2,7,0,20,12
268,269,Gabriel,Centre-Back,24,Brazil,Arsenal FC,€25.00m,29,3,0,4,0,1,2
269,270,Cody Gakpo,Left Winger,22,Netherlands,PSV Eindhoven,€25.00m,37,16,15,2,0,5,18
270,271,Aaron Ramsdale,Goalkeeper,23,England,Arsenal FC,€25.00m,29,0,0,1,0,0,0
271,272,Martín Zubimendi,Defensive Midfield,23,Spain,Real Sociedad,€25.00m,39,2,2,6,0,13,3
272,273,Ezri Konsa,Centre-Back,24,England,Aston Villa,€25.00m,25,2,0,3,1,1,2
273,274,Yves Bissouma,Central Midfield,25,Mali,Brighton & Hove Albion,€25.00m,26,1,2,9,0,3,7
274,275,Boubacar Kamara,Defensive Midfield,22,France,Olympique Marseille,€25.00m,36,1,0,8,0,5,6
275,276,Teun Koopmeiners,Defensive Midfield,24,Netherlands,Atalanta BC,€25.00m,39,4,4,3,0,12,6
276,277,Rodrigo Bentancur,Central Midfield,24,Uruguay,Tottenham Hotspur,€25.00m,35,0,4,3,0,10,15
277,278,Nordi Mukiele,Right-Back,24,France,RB Leipzig,€25.00m,29,2,2,2,0,7,8
278,279,Ben Godfrey,Centre-Back,24,England,Everton FC,€25.00m,23,0,0,6,0,0,3
279,280,Guido Rodríguez,Defensive Midfield,27,Argentina,Real Betis Balompié,€25.00m,38,2,3,9,0,5,6
280,281,Noa Lang,Left Winger,22,Netherlands,Club Brugge KV,€25.00m,40,8,13,10,1,5,16
281,282,Weston McKennie,Central Midfield,23,United States,Juventus FC,€25.00m,28,4,0,1,0,7,7
282,283,Takehiro Tomiyasu,Right-Back,23,Japan,Arsenal FC,€25.00m,20,0,1,2,0,1,3
283,284,Saïd Benrahma,Left Winger,26,Algeria,West Ham United,€25.00m,41,9,6,0,0,14,20
284,285,Donny van de Beek,Central Midfield,24,Netherlands,Everton FC,€25.00m,20,1,0,2,0,11,4
285,286,Mario Hermoso,Centre-Back,26,Spain,Atlético de Madrid,€25.00m,32,2,1,6,1,5,11
286,287,Viktor Tsygankov,Right Winger,24,Ukraine,Dynamo Kyiv,€25.00m,26,11,4,3,0,2,12
287,288,Aleksandr Golovin,Attacking Midfield,25,Russia,AS Monaco,€25.00m,31,3,6,6,1,16,12
288,289,Davide Calabria,Right-Back,25,Italy,AC Milan,€25.00m,25,2,3,2,0,3,6
289,290,Unai Simón,Goalkeeper,24,Spain,Athletic Bilbao,€25.00m,28,0,0,2,0,0,1
290,291,Amir Rrahmani,Centre-Back,28,Kosovo,SSC Napoli,€25.00m,36,3,0,8,0,2,1
291,292,Gianluca Mancini,Centre-Back,25,Italy,AS Roma,€25.00m,36,1,0,17,0,0,5
292,293,Joe Gomez,Centre-Back,24,England,Liverpool FC,€25.00m,15,0,0,1,0,8,0
293,294,Iñaki Williams,Centre-Forward,27,Spain,Athletic Bilbao,€25.00m,35,7,3,4,0,6,11
294,295,Rafa Silva,Right Midfield,28,Portugal,SL Benfica,€25.00m,43,12,17,6,0,9,19
295,296,Nélson Semedo,Right-Back,28,Portugal,Wolverhampton Wanderers,€25.00m,29,1,1,1,0,2,6
296,297,Otávio,Right Midfield,27,Portugal,FC Porto,€25.00m,42,7,13,13,0,2,24
297,298,Thilo Kehrer,Centre-Back,25,Germany,Paris Saint-Germain,€25.00m,29,2,0,3,0,10,5
298,299,Ricardo Pereira,Right-Back,28,Portugal,Leicester City,€25.00m,18,1,2,4,0,3,6
299,300,Dele Alli,Attacking Midfield,25,England,Everton FC,€25.00m,24,2,1,3,0,11,7
300,301,Oleksandr Zinchenko,Left-Back,25,Ukraine,Manchester City,€25.00m,20,0,2,2,0,6,1
301,302,Jonathan Tah,Centre-Back,26,Germany,Bayer 04 Leverkusen,€25.00m,36,2,3,4,0,1,2
302,303,Julian Brandt,Attacking Midfield,25,Germany,Borussia Dortmund,€25.00m,33,5,9,2,0,8,17
303,304,Mike Maignan,Goalkeeper,26,France,AC Milan,€25.00m,30,0,1,2,0,0,0
304,305,Sardar Azmoun,Centre-Forward,27,Iran,Bayer 04 Leverkusen,€25.00m,26,10,4,2,1,10,7
305,306,Giovanni Di Lorenzo,Right-Back,28,Italy,SSC Napoli,€25.00m,39,1,5,5,0,0,3
306,307,Iñigo Martínez,Centre-Back,30,Spain,Athletic Bilbao,€25.00m,28,4,0,8,1,1,1
307,308,Lorenzo Insigne,Left Winger,30,Italy,SSC Napoli,€25.00m,30,9,7,1,0,3,24
308,309,Jordan Pickford,Goalkeeper,28,England,Everton FC,€25.00m,28,0,0,1,0,0,0
309,310,Conor Coady,Centre-Back,29,England,Wolverhampton Wanderers,€25.00m,35,3,0,2,0,1,2
310,311,Abdoulaye Doucouré,Central Midfield,29,Mali,Everton FC,€25.00m,24,2,4,4,0,2,1
311,312,Michael Keane,Centre-Back,29,England,Everton FC,€25.00m,31,2,2,1,0,1,2
312,313,Kyle Walker,Right-Back,31,England,Manchester City,€25.00m,27,1,2,3,1,0,3
313,314,Pablo Sarabia,Right Winger,29,Spain,Sporting CP,€25.00m,40,15,9,6,0,7,25
314,315,Thomas Müller,Second Striker,32,Germany,Bayern Munich,€25.00m,38,12,22,0,0,2,19
315,316,Toni Kroos,Central Midfield,32,Germany,Real Madrid,€25.00m,32,3,3,5,0,2,12
316,317,Karim Benzema,Centre-Forward,34,France,Real Madrid,€25.00m,34,32,13,0,0,0,12
317,318,William Saliba,Centre-Back,21,France,Olympique Marseille,€24.00m,46,0,0,6,0,1,2
318,319,Vitinha,Central Midfield,22,Portugal,FC Porto,€24.00m,43,3,3,6,0,11,19
319,320,Nicolás González,Left Winger,23,Argentina,ACF Fiorentina,€24.00m,29,3,8,0,0,9,10
320,321,Amadou Haidara,Central Midfield,24,Mali,RB Leipzig,€24.00m,32,4,1,2,0,12,11
321,322,Eljif Elmas,Attacking Midfield,22,North Macedonia,SSC Napoli,€24.00m,39,6,6,3,0,20,9
322,323,Victor Lindelöf,Centre-Back,27,Sweden,Manchester United,€24.00m,28,0,2,3,0,2,2
323,324,Remo Freuler,Central Midfield,29,Switzerland,Atalanta BC,€24.00m,36,2,6,5,0,2,8
324,325,Matthias Ginter,Centre-Back,28,Germany,Borussia Mönchengladbach,€24.00m,27,1,0,1,0,0,2
325,326,Julián Álvarez,Centre-Forward,22,Argentina,CA River Plate,€23.00m,7,5,0,0,0,0,2
326,327,Mohamed Camara,Defensive Midfield,22,Mali,Red Bull Salzburg,€23.00m,31,0,3,9,0,3,10
327,328,Nikola Milenkovic,Centre-Back,24,Serbia,ACF Fiorentina,€23.00m,31,4,0,7,0,1,3
328,329,Lukas Klostermann,Centre-Back,25,Germany,RB Leipzig,€23.00m,27,0,2,2,0,4,8
329,330,Nico Elvedi,Centre-Back,25,Switzerland,Borussia Mönchengladbach,€23.00m,26,1,1,2,0,0,1
330,331,Dwight McNeil,Left Winger,22,England,Burnley FC,€22.00m,29,0,1,2,0,1,5
331,332,Fábio Silva,Centre-Forward,19,Portugal,Wolverhampton Wanderers,€22.00m,28,3,6,3,0,15,10
332,333,Conor Gallagher,Central Midfield,22,England,Crystal Palace,€22.00m,35,9,7,10,0,1,7
333,334,Jérémy Doku,Right Winger,19,Belgium,Stade Rennais FC,€22.00m,16,2,2,2,0,9,7
334,335,Max Aarons,Right-Back,22,England,Norwich City,€22.00m,33,0,1,8,0,3,4
335,336,Mattéo Guendouzi,Central Midfield,22,France,Olympique Marseille,€22.00m,44,4,14,8,0,4,7
336,337,Matty Cash,Right-Back,24,Poland,Aston Villa,€22.00m,32,3,4,8,0,0,4
337,338,Francisco Trincão,Right Winger,22,Portugal,Wolverhampton Wanderers,€22.00m,25,2,1,0,0,11,13
338,339,Marc Guéhi,Centre-Back,21,England,Crystal Palace,€22.00m,39,5,0,4,0,1,0
339,340,Hamed Junior Traorè,Attacking Midfield,22,Cote d'Ivoire,US Sassuolo,€22.00m,26,5,4,3,0,9,16
340,341,Sasa Kalajdzic,Centre-Forward,24,Austria,VfB Stuttgart,€22.00m,10,3,2,1,0,3,0
341,342,Patson Daka,Centre-Forward,23,Zambia,Leicester City,€22.00m,28,10,4,1,0,11,13
342,343,Daichi Kamada,Attacking Midfield,25,Japan,Eintracht Frankfurt,€22.00m,34,7,2,0,0,6,16
343,344,Giovani Lo Celso,Central Midfield,25,Argentina,Villarreal CF,€22.00m,28,1,2,0,0,10,12
344,345,Joe Willock,Central Midfield,22,England,Newcastle United,€22.00m,26,2,0,0,0,5,14
345,346,Jonathan Ikoné,Right Winger,23,France,ACF Fiorentina,€22.00m,37,2,4,5,0,16,19
346,347,Christoph Baumgartner,Attacking Midfield,22,Austria,TSG 1899 Hoffenheim,€22.00m,26,6,2,6,0,6,13
347,348,Malcom,Right Winger,25,Brazil,Zenit St. Petersburg,€22.00m,27,7,7,1,0,4,15
348,349,Brahim Díaz,Attacking Midfield,22,Spain,AC Milan,€22.00m,33,4,4,5,0,6,24
349,350,Demarai Gray,Left Winger,25,England,Everton FC,€22.00m,28,6,3,3,0,5,16
350,351,Florian Neuhaus,Central Midfield,25,Germany,Borussia Mönchengladbach,€22.00m,25,4,2,1,0,6,7
351,352,Joachim Andersen,Centre-Back,25,Denmark,Crystal Palace,€22.00m,30,0,1,3,0,2,1
352,353,Daniel Podence,Right Winger,26,Portugal,Wolverhampton Wanderers,€22.00m,28,6,3,2,0,10,13
353,354,Jan Bednarek,Centre-Back,25,Poland,Southampton FC,€22.00m,28,3,0,7,0,2,5
354,355,Abdou Diallo,Left-Back,25,Senegal,Paris Saint-Germain,€22.00m,23,1,1,3,0,2,3
355,356,Álex Remiro,Goalkeeper,27,Spain,Real Sociedad,€22.00m,33,0,0,1,0,0,0
356,357,Raúl Jiménez,Centre-Forward,30,Mexico,Wolverhampton Wanderers,€22.00m,30,6,4,5,0,5,7
357,358,Julian Weigl,Defensive Midfield,26,Germany,SL Benfica,€22.00m,42,3,5,9,0,4,7
358,359,Fred,Central Midfield,29,Brazil,Manchester United,€22.00m,31,3,6,8,0,4,11
359,360,Ante Rebic,Left Winger,28,Croatia,AC Milan,€22.00m,23,3,2,3,0,14,6
360,361,Eric Dier,Centre-Back,28,England,Tottenham Hotspur,€22.00m,31,0,0,1,0,1,1
361,362,James Tarkowski,Centre-Back,29,England,Burnley FC,€22.00m,27,1,2,9,0,0,0
362,363,Jordan Veretout,Central Midfield,29,France,AS Roma,€22.00m,39,4,9,7,0,8,21
363,364,Lewis Dunk,Centre-Back,30,England,Brighton & Hove Albion,€22.00m,22,1,0,1,1,1,0
364,365,Danny Ings,Centre-Forward,29,England,Aston Villa,€22.00m,24,5,5,2,0,5,12
365,366,Luis Muriel,Centre-Forward,30,Colombia,Atalanta BC,€22.00m,29,8,6,1,0,13,15
366,367,Marcel Sabitzer,Central Midfield,28,Austria,Bayern Munich,€22.00m,27,1,0,2,0,19,6
367,368,Kevin Volland,Second Striker,29,Germany,AS Monaco,€22.00m,43,12,9,9,0,6,26
368,369,Lucas Moura,Right Winger,29,Brazil,Tottenham Hotspur,€22.00m,37,6,6,3,0,13,17
369,370,Thiago,Central Midfield,30,Spain,Liverpool FC,€22.00m,24,2,2,1,0,10,12
370,371,Georginio Wijnaldum,Central Midfield,31,Netherlands,Paris Saint-Germain,€22.00m,31,3,3,2,0,11,13
371,372,Yussuf Poulsen,Centre-Forward,27,Denmark,RB Leipzig,€21.00m,29,6,3,3,0,15,11
372,373,Kamaldeen Sulemana,Left Winger,20,Ghana,Stade Rennais FC,€20.00m,30,5,2,4,0,12,17
373,374,Evanilson,Centre-Forward,22,Brazil,FC Porto,€20.00m,37,18,5,4,0,8,19
374,375,Hugo Ekitike,Centre-Forward,19,France,Stade Reims,€20.00m,26,10,4,1,2,8,11
375,376,Odilon Kossounou,Centre-Back,21,Cote d'Ivoire,Bayer 04 Leverkusen,€20.00m,30,0,2,4,0,11,4
376,377,Rayan Cherki,Attacking Midfield,18,France,Olympique Lyon,€20.00m,29,8,5,3,0,16,9
377,378,Thiago Almada,Attacking Midfield,20,Argentina,Atlanta United FC,€20.00m,3,1,0,0,0,3,0
378,379,Sofiane Diop,Left Winger,21,France,AS Monaco,€20.00m,49,12,11,6,0,14,23
379,380,Pape Sarr,Defensive Midfield,19,Senegal,FC Metz,€20.00m,26,1,1,6,0,10,5
380,381,Illan Meslier,Goalkeeper,22,France,Leeds United,€20.00m,40,0,0,2,0,0,1
381,382,Enock Mwepu,Central Midfield,24,Zambia,Brighton & Hove Albion,€20.00m,16,2,5,1,0,5,7
382,383,Musa Barrow,Left Winger,23,The Gambia,Bologna FC 1909,€20.00m,33,7,7,0,0,8,16
383,384,Jeremie Frimpong,Right-Back,21,Netherlands,Bayer 04 Leverkusen,€20.00m,38,2,8,8,0,1,16
384,385,Juan Foyth,Right-Back,24,Argentina,Villarreal CF,€20.00m,27,0,0,4,0,2,6
385,386,Eberechi Eze,Attacking Midfield,23,England,Crystal Palace,€20.00m,11,0,0,1,0,5,6
386,387,David Neres,Right Winger,25,Brazil,Shakhtar Donetsk,€20.00m,22,4,2,1,0,16,2
387,388,Maxence Lacroix,Centre-Back,21,France,VfL Wolfsburg,€20.00m,30,0,0,6,2,0,2
388,389,Oliver Skipp,Defensive Midfield,21,England,Tottenham Hotspur,€20.00m,32,0,0,7,0,7,8
389,390,Samuel Chukwueze,Right Winger,22,Nigeria,Villarreal CF,€20.00m,29,6,2,3,0,17,10
390,391,Dodô,Right-Back,23,Brazil,Shakhtar Donetsk,€20.00m,26,0,4,2,0,1,1
391,392,Edson Álvarez,Defensive Midfield,24,Mexico,Ajax Amsterdam,€20.00m,34,2,1,8,0,0,14
392,393,Maxence Caqueret,Central Midfield,22,France,Olympique Lyon,€20.00m,44,1,1,7,0,6,9
393,394,Davide Frattesi,Central Midfield,22,Italy,US Sassuolo,€20.00m,31,4,3,4,0,3,22
394,395,Brenden Aaronson,Attacking Midfield,21,United States,Red Bull Salzburg,€20.00m,35,5,10,0,0,5,9
395,396,Alexis Saelemaekers,Right Winger,22,Belgium,AC Milan,€20.00m,40,2,3,4,0,16,16
396,397,Tetê,Right Winger,22,Brazil,Shakhtar Donetsk,€20.00m,28,10,2,4,0,8,14
397,398,Arthur,Central Midfield,25,Brazil,Juventus FC,€20.00m,26,0,1,3,0,12,7
398,399,Pablo Fornals,Attacking Midfield,26,Spain,West Ham United,€20.00m,42,6,4,4,0,12,16
399,400,Ché Adams,Centre-Forward,25,Scotland,Southampton FC,€20.00m,27,8,3,0,0,6,10
400,401,Noussair Mazraoui,Right-Back,24,Morocco,Ajax Amsterdam,€20.00m,31,5,4,3,0,1,12
401,402,Todd Cantwell,Left Midfield,24,England,AFC Bournemouth,€20.00m,19,1,0,4,0,5,7
402,403,Ridle Baku,Right Midfield,23,Germany,VfL Wolfsburg,€20.00m,34,4,3,4,0,6,12
403,404,Denzel Dumfries,Right Midfield,25,Netherlands,Inter Milan,€20.00m,37,4,6,2,0,14,9
404,405,Marcus Thuram,Left Winger,24,France,Borussia Mönchengladbach,€20.00m,21,2,1,2,0,12,6
405,406,Lucas Torreira,Defensive Midfield,26,Uruguay,ACF Fiorentina,€20.00m,28,4,1,5,0,3,11
406,407,Kelechi Iheanacho,Centre-Forward,25,Nigeria,Leicester City,€20.00m,36,7,10,4,0,17,11
407,408,Borna Sosa,Left-Back,24,Croatia,VfB Stuttgart,€20.00m,24,2,8,3,0,0,2
408,409,Jonathan Bamba,Left Winger,26,France,LOSC Lille,€20.00m,31,1,3,5,0,2,17
409,410,Yerry Mina,Centre-Back,27,Colombia,Everton FC,€20.00m,11,1,0,2,0,3,2
410,411,Marc Cucurella,Left-Back,23,Spain,Brighton & Hove Albion,€20.00m,31,0,2,4,0,4,3
411,412,Kasper Dolberg,Centre-Forward,24,Denmark,OGC Nice,€20.00m,25,7,1,0,0,9,13
412,413,Paul Onuachu,Centre-Forward,27,Nigeria,KRC Genk,€20.00m,35,18,3,5,0,5,18
413,414,Antonin Barak,Attacking Midfield,27,Czech Republic,Hellas Verona,€20.00m,29,11,4,3,0,3,8
414,415,Ricardo Horta,Left Winger,27,Portugal,SC Braga,€20.00m,40,19,8,5,0,2,7
415,416,Gregor Kobel,Goalkeeper,24,Switzerland,Borussia Dortmund,€20.00m,38,0,0,0,0,0,1
416,417,Wilmar Barrios,Defensive Midfield,28,Colombia,Zenit St. Petersburg,€20.00m,28,0,1,6,0,3,5
417,418,Juan Musso,Goalkeeper,27,Argentina,Atalanta BC,€20.00m,37,0,0,1,1,0,0
418,419,Aritz Elustondo,Centre-Back,28,Spain,Real Sociedad,€20.00m,35,4,1,5,1,6,2
419,420,Wout Weghorst,Centre-Forward,29,Netherlands,Burnley FC,€20.00m,33,8,3,5,0,1,8
420,421,André Gomes,Central Midfield,28,Portugal,Everton FC,€20.00m,17,1,2,6,0,8,5
421,422,Neal Maupay,Centre-Forward,25,France,Brighton & Hove Albion,€20.00m,30,9,2,6,0,5,4
422,423,Jérémie Boga,Left Winger,25,Cote d'Ivoire,Atalanta BC,€20.00m,24,2,4,0,0,12,9
423,424,Ruben Loftus-Cheek,Central Midfield,26,England,Chelsea FC,€20.00m,27,0,4,3,0,16,2
424,425,Bryan Cristante,Defensive Midfield,27,Italy,AS Roma,€20.00m,38,3,1,8,0,9,0
425,426,Alessio Romagnoli,Centre-Back,27,Italy,AC Milan,€20.00m,25,1,1,4,1,3,2
426,427,Alejandro Grimaldo,Left-Back,26,Spain,SL Benfica,€20.00m,42,6,8,6,0,2,12
427,428,Héctor Bellerín,Right-Back,27,Spain,Real Betis Balompié,€20.00m,27,0,4,2,1,2,2
428,429,Patrick Bamford,Centre-Forward,28,England,Leeds United,€20.00m,11,2,3,1,0,3,3
429,430,Seko Fofana,Central Midfield,26,Cote d'Ivoire,RC Lens,€20.00m,32,9,1,2,0,0,6
430,431,Leandro Paredes,Defensive Midfield,27,Argentina,Paris Saint-Germain,€20.00m,21,1,2,6,0,7,9
431,432,Berat Djimsiti,Centre-Back,29,Albania,Atalanta BC,€20.00m,34,2,1,6,0,8,6
432,433,Raúl de Tomás,Centre-Forward,27,Spain,RCD Espanyol Barcelona,€20.00m,29,14,3,4,1,0,10
433,434,Filip Kostic,Left Midfield,29,Serbia,Eintracht Frankfurt,€20.00m,32,4,12,2,0,2,4
434,435,Jesse Lingard,Attacking Midfield,29,England,Manchester United,€20.00m,19,2,1,1,0,16,3
435,436,Marten de Roon,Defensive Midfield,31,Netherlands,Atalanta BC,€20.00m,34,1,1,7,0,3,4
436,437,Bertrand Traoré,Right Winger,26,Burkina Faso,Aston Villa,€20.00m,13,1,2,0,0,6,5
437,438,Callum Wilson,Centre-Forward,30,England,Newcastle United,€20.00m,15,6,0,4,0,1,4
438,439,Leonardo Spinazzola,Left-Back,29,Italy,AS Roma,€20.00m,0,0,0,0,0,0,0
439,440,Erik Lamela,Right Winger,30,Argentina,Sevilla FC,€20.00m,17,4,2,5,0,12,3
440,441,Granit Xhaka,Defensive Midfield,29,Switzerland,Arsenal FC,€20.00m,21,0,1,6,1,1,3
441,442,Stefan Savic,Centre-Back,31,Montenegro,Atlético de Madrid,€20.00m,24,0,0,8,0,0,2
442,443,Thorgan Hazard,Left Winger,29,Belgium,Borussia Dortmund,€20.00m,29,6,2,1,0,12,11
443,444,Alexandre Lacazette,Centre-Forward,30,France,Arsenal FC,€20.00m,29,6,8,1,0,8,15
444,445,Julian Draxler,Left Winger,28,Germany,Paris Saint-Germain,€20.00m,25,2,2,1,0,16,6
445,446,Sergio Canales,Attacking Midfield,31,Spain,Real Betis Balompié,€20.00m,39,7,10,6,0,6,16
446,447,Adam Hlozek,Second Striker,19,Czech Republic,AC Sparta Prague,€19.00m,40,9,13,3,0,2,11
447,448,Wendel,Central Midfield,24,Brazil,Zenit St. Petersburg,€19.00m,29,4,4,4,0,0,16
448,449,Danilo,Defensive Midfield,20,Brazil,Sociedade Esportiva Palmeiras,€18.00m,10,1,0,1,0,1,1
449,450,Mohamed Simakan,Centre-Back,21,France,RB Leipzig,€18.00m,33,1,1,7,0,6,10
450,451,Jean-Clair Todibo,Centre-Back,22,France,OGC Nice,€18.00m,30,1,0,6,0,1,1
451,452,Michael Olise,Right Midfield,20,France,Crystal Palace,€18.00m,28,4,9,3,0,13,10
452,453,Gonçalo Inácio,Centre-Back,20,Portugal,Sporting CP,€18.00m,39,5,2,1,0,1,3
453,454,Amad Diallo,Right Winger,19,Cote d'Ivoire,Rangers FC,€18.00m,9,3,1,0,0,3,4
454,455,Luis Sinisterra,Left Winger,22,Colombia,Feyenoord Rotterdam,€18.00m,38,18,11,1,0,1,19
455,456,Tariq Lamptey,Right-Back,21,England,Brighton & Hove Albion,€18.00m,24,0,2,2,0,9,9
456,457,Noni Madueke,Right Winger,20,England,PSV Eindhoven,€18.00m,31,9,5,0,0,6,26
457,458,Tino Livramento,Right-Back,19,England,Southampton FC,€18.00m,31,1,4,2,0,5,2
458,459,Eric García,Centre-Back,21,Spain,FC Barcelona,€18.00m,29,0,0,6,1,3,6
459,460,Luiz Felipe,Centre-Back,25,Italy,SS Lazio,€18.00m,36,0,1,12,1,0,4
460,461,Caio Henrique,Left-Back,24,Brazil,AS Monaco,€18.00m,40,1,10,4,0,4,15
461,462,Manor Solomon,Left Winger,22,Israel,Shakhtar Donetsk,€18.00m,27,4,2,1,0,10,12
462,463,Lovro Majer,Attacking Midfield,24,Croatia,Stade Rennais FC,€18.00m,41,8,13,1,0,12,22
463,464,Yangel Herrera,Central Midfield,24,Venezuela,RCD Espanyol Barcelona,€18.00m,16,1,1,3,0,4,6
464,465,Marash Kumbulla,Centre-Back,22,Albania,AS Roma,€18.00m,23,1,0,7,0,6,3
465,466,Sergiño Dest,Right-Back,21,United States,FC Barcelona,€18.00m,27,0,3,2,0,6,8
466,467,Mason Holgate,Centre-Back,25,England,Everton FC,€18.00m,20,1,0,3,1,2,0
467,468,Trevoh Chalobah,Centre-Back,22,England,Chelsea FC,€18.00m,26,4,1,3,0,6,4
468,469,Gerson,Central Midfield,24,Brazil,Olympique Marseille,€18.00m,36,5,7,4,0,8,13
469,470,Cengiz Ünder,Right Winger,24,Turkey,Olympique Marseille,€18.00m,37,11,5,1,0,7,12
470,471,Kyle Walker-Peters,Right-Back,24,England,Southampton FC,€18.00m,29,2,4,5,0,4,3
471,472,Umar Sadiq,Centre-Forward,25,Nigeria,UD Almería,€18.00m,33,17,10,5,0,6,13
472,473,Sander Berge,Defensive Midfield,24,Norway,Sheffield United,€18.00m,25,4,1,2,0,8,5
473,474,Matteo Pessina,Attacking Midfield,24,Italy,Atalanta BC,€18.00m,30,2,1,0,0,9,18
474,475,Éverton,Left Midfield,26,Brazil,SL Benfica,€18.00m,40,7,7,6,0,13,20
475,476,Daniel James,Left Winger,24,Wales,Leeds United,€18.00m,32,4,4,6,0,2,11
476,477,Lukas Nmecha,Centre-Forward,23,Germany,VfL Wolfsburg,€18.00m,25,8,0,5,0,10,6
477,478,Tom Davies,Central Midfield,23,England,Everton FC,€18.00m,7,1,1,0,0,4,1
478,479,Brais Méndez,Right Winger,25,Spain,Celta de Vigo,€18.00m,31,5,5,7,0,4,11
479,480,Moussa Niakhaté,Centre-Back,26,France,1.FSV Mainz 05,€18.00m,25,3,0,2,0,2,1
480,481,Steven Bergwijn,Left Winger,24,Netherlands,Tottenham Hotspur,€18.00m,26,5,2,2,0,17,7
481,482,Mattia Zaccagni,Attacking Midfield,26,Italy,SS Lazio,€18.00m,31,7,7,8,0,8,11
482,483,David Raya,Goalkeeper,26,Spain,Brentford FC,€18.00m,18,0,0,0,0,0,0
483,484,Dean Henderson,Goalkeeper,25,England,Manchester United,€18.00m,5,0,0,0,0,0,1
484,485,Luka Jovic,Centre-Forward,24,Serbia,Real Madrid,€18.00m,20,3,2,1,0,16,3
485,486,Gelson Martins,Right Winger,26,Portugal,AS Monaco,€18.00m,43,5,3,2,0,11,30
486,487,Alex Telles,Left-Back,29,Brazil,Manchester United,€18.00m,18,1,2,2,0,3,3
487,488,Enes Ünal,Centre-Forward,24,Turkey,Getafe CF,€18.00m,29,14,0,7,0,5,17
488,489,Zeki Celik,Right-Back,25,Turkey,LOSC Lille,€18.00m,32,2,1,10,0,2,4
489,490,Adam Armstrong,Centre-Forward,25,England,Southampton FC,€18.00m,25,2,3,1,0,7,7
490,491,Diego Llorente,Centre-Back,28,Spain,Leeds United,€18.00m,24,2,0,6,0,0,6
491,492,Alex Iwobi,Left Winger,25,Nigeria,Everton FC,€18.00m,25,3,2,1,1,11,7
492,493,Adam Webster,Centre-Back,27,England,Brighton & Hove Albion,€18.00m,17,3,0,4,0,1,3
493,494,Ben Davies,Left-Back,28,Wales,Tottenham Hotspur,€18.00m,36,0,2,4,0,3,2
494,495,Mahmoud Dahoud,Central Midfield,26,Germany,Borussia Dortmund,€18.00m,28,2,7,6,0,2,8
495,496,Adrien Rabiot,Central Midfield,26,France,Juventus FC,€18.00m,37,0,2,5,0,7,10
496,497,Gaëtan Laborde,Centre-Forward,27,France,Stade Rennais FC,€18.00m,38,19,7,4,0,2,17
497,498,Alex Oxlade-Chamberlain,Central Midfield,28,England,Liverpool FC,€18.00m,29,3,2,0,0,12,13
498,499,Daniel Carvajal,Right-Back,30,Spain,Real Madrid,€18.00m,27,1,2,2,0,4,14
499,500,João Pedro,Second Striker,30,Italy,Cagliari Calcio,€18.00m,32,10,4,8,0,2,2
